cnqg,01100011011011100111000101100111
xhgz,01111000011010000110011101111010
tbxh,01110100011000100111100001101000
olqc,01101111011011000111000101100011
rqls,01110010011100010110110001110011
neas,01101110011001010110000101110011
tsmn,01110100011100110110110101101110
joal,01101010011011110110000101101100
ohnz,01101111011010000110111001111010
vzbf,01110110011110100110001001100110
dnqa,01100100011011100111000101100001
mnpr,01101101011011100111000001110010
vmlw,01110110011011010110110001110111
qxue,01110001011110000111010101100101
hnrs,01101000011011100111001001110011
mbmh,01101101011000100110110101101000
oltl,01101111011011000111010001101100
eeax,01100101011001010110000101111000
jpsy,01101010011100000111001101111001
wehv,01110111011001010110100001110110
xasj,01111000011000010111001101101010
pqfg,01110000011100010110011001100111
fgno,01100110011001110110111001101111
ymqt,01111001011011010111000101110100
wxbp,01110111011110000110001001110000
kzqh,01101011011110100111000101101000
dxis,01100100011110000110100101110011
ahxo,01100001011010000111100001101111
tzah,01110100011110100110000101101000
kuni,01101011011101010110111001101001
rpna,01110010011100000110111001100001
kfbd,01101011011001100110001001100100
fdsm,01100110011001000111001101101101
qkso,01110001011010110111001101101111
jewz,01101010011001010111011101111010
ieyw,01101001011001010111100101110111
afrc,01100001011001100111001001100011
wsga,01110111011100110110011101100001
qvfj,01110001011101100110011001101010
thji,01110100011010000110101001101001
arrt,01100001011100100111001001110100
pkuq,01110000011010110111010101110001
prqv,01110000011100100111000101110110
aiiu,01100001011010010110100101110101
dzxt,01100100011110100111100001110100
yake,01111001011000010110101101100101
uzva,01110101011110100111011001100001
htfg,01101000011101000110011001100111
wpnh,01110111011100000110111001101000
incs,01101001011011100110001101110011
iozz,01101001011011110111101001111010
azvz,01100001011110100111011001111010
jlqx,01101010011011000111000101111000
wfhg,01110111011001100110100001100111
lglw,01101100011001110110110001110111
tpmd,01110100011100000110110101100100
jwpk,01101010011101110111000001101011
fujr,01100110011101010110101001110010
zdzo,01111010011001000111101001101111
mphc,01101101011100000110100001100011
girt,01100111011010010111001001110100
gfmc,01100111011001100110110101100011
lahc,01101100011000010110100001100011
ajhu,01100001011010100110100001110101
vynt,01110110011110010110111001110100
zxfa,01111010011110000110011001100001
xpdb,01111000011100000110010001100010
hofx,01101000011011110110011001111000
tzhb,01110100011110100110100001100010
igbf,01101001011001110110001001100110
poue,01110000011011110111010101100101
yxaq,01111001011110000110000101110001
aprk,01100001011100000111001001101011
dzoh,01100100011110100110111101101000
hbsd,01101000011000100111001101100100
icen,01101001011000110110010101101110
fsob,01100110011100110110111101100010
dtdh,01100100011101000110010001101000
qhwj,01110001011010000111011101101010
tdkr,01110100011001000110101101110010
vzwb,01110110011110100111011101100010
xefu,01111000011001010110011001110101
lgvb,01101100011001110111011001100010
tkcm,01110100011010110110001101101101
ggli,01100111011001110110110001101001
zpzi,01111010011100000111101001101001
rsbv,01110010011100110110001001110110
uuzy,01110101011101010111101001111001
tfta,01110100011001100111010001100001
xynt,01111000011110010110111001110100
puan,01110000011101010110000101101110
eudg,01100101011101010110010001100111
ujbj,01110101011010100110001001101010
wjno,01110111011010100110111001101111
mozs,01101101011011110111101001110011
kibb,01101011011010010110001001100010
yjlm,01111001011010100110110001101101
efhh,01100101011001100110100001101000
noez,01101110011011110110010101111010
fprb,01100110011100000111001001100010
bmio,01100010011011010110100101101111
nift,01101110011010010110011001110100
